{
  "Component.js.map": 1768459634192,
  "ext/controller/CustomerObject.controller.js": 1768453194564,
  "ext/controller/History.js": 1768456829266,
  "manifest.json": 1768452916050,
  "Component.js": 1768151220015,
  "ext/controller/History-dbg.js": 1768456829266,
  "ext/controller/History.js.map": 1768459634203,
  "ext/controller/CustomerObject-dbg.controller.js": 1768453194564,
  "ext/controller/CustomerObject.controller.js.map": 1768459634194,
  "Component-dbg.js": 1768151220015,
  "i18n/i18n.properties": 1768151242519,
  "Component-preload.js": 1768459634274,
  "Component-preload.js.map": 1768459634274,
  "css/style.css": 1768455265818,
  "index.html": 1768151220015
}